local_path,image_type,is_manual
output/images/25692964493705392_0.jpg,noodles,true
output/images/25692964493705392_1.jpg,storefront,true
output/images/25683304088004766_0.jpg,other,true
output/images/25674124882256020_0.jpg,noodles,true
output/images/25674124882256020_1.jpg,storefront,true
output/images/25674116128923562_0.jpg,noodles,true
output/images/25674116128923562_1.jpg,storefront,true
output/images/25668561529479022_0.jpg,noodles,true
output/images/25668561529479022_1.jpg,noodles,true
output/images/25667841032884405_0.jpg,noodles,true
output/images/25667257852942723_0.jpg,storefront,true
output/images/25667257852942723_1.jpg,storefront,true
output/images/25667257852942723_2.jpg,storefront,true
output/images/25667257852942723_3.jpg,noodles,true
output/images/25667257852942723_4.jpg,noodles,true
output/images/25666587343009774_0.jpg,storefront,true
output/images/25666587343009774_1.jpg,other,true
output/images/25666587343009774_2.jpg,noodles,true
output/images/25665992159735959_0.jpg,noodles,true
output/images/25665992159735959_1.jpg,noodles,true
output/images/25665992159735959_2.jpg,noodles,true
output/images/25665992159735959_3.jpg,noodles,true
output/images/25665342559800919_0.jpg,noodles,true
output/images/25659816250353550_0.jpg,storefront,true
output/images/25659816250353550_1.jpg,noodles,true
output/images/25658427543825754_0.jpg,storefront,true
output/images/25658281947173647_0.jpg,noodles,true
output/images/25658059667195875_0.jpg,noodles,true
output/images/25658059667195875_1.jpg,other,true
output/images/25658059667195875_2.jpg,other,true
output/images/25658057537196088_0.jpg,storefront,true
output/images/25658057537196088_1.jpg,noodles,true
output/images/25654305040904671_0.jpg,noodles,true
output/images/25656102817391560_0.jpg,noodles,true
output/images/25656102817391560_1.jpg,noodles,true
output/images/25656102817391560_2.jpg,noodles,true
output/images/25656102817391560_3.jpg,noodles,true
output/images/25646780738323768_0.jpg,other,true
output/images/25646780738323768_1.jpg,noodles,true
output/images/25646780738323768_2.jpg,noodles,true
output/images/25646780738323768_3.jpg,noodles,true
output/images/25646780738323768_4.jpg,other,true
output/images/25646092521725923_0.jpg,noodles,true
output/images/25646092521725923_1.jpg,storefront,true
output/images/25646092521725923_2.jpg,noodles,true
output/images/25646092521725923_3.jpg,storefront,true
output/images/25646092521725923_4.jpg,other,true
output/images/25639813585687150_0.jpg,noodles,true
output/images/25639550839046758_0.jpg,noodles,true
output/images/25639550839046758_1.jpg,storefront,true
output/images/25638440129157829_0.jpg,noodles,true
output/images/25638440129157829_1.jpg,storefront,true
output/images/25638440129157829_2.jpg,other,true
output/images/25636549492680226_0.jpg,other,true
output/images/25636549492680226_1.jpg,other,true
output/images/25636448856023623_0.jpg,noodles,true
output/images/25636448856023623_1.jpg,noodles,true
output/images/25636448856023623_2.jpg,noodles,true
output/images/25636448856023623_3.jpg,noodles,true
output/images/25631681556500353_0.jpg,noodles,true
output/images/25631681556500353_1.jpg,other,true
output/images/25630458356622673_0.jpg,noodles,true
output/images/25627837740218068_0.jpg,storefront,true
output/images/25627837740218068_1.jpg,noodles,true
output/images/25627837740218068_2.jpg,noodles,true
output/images/25627837740218068_3.jpg,noodles,true
output/images/25623924240609418_0.jpg,noodles,true
output/images/25623924240609418_1.jpg,noodles,true
output/images/25623924240609418_2.jpg,noodles,true
output/images/25621958374139338_0.jpg,storefront,true
output/images/25621958374139338_1.jpg,noodles,true
output/images/25621958374139338_2.jpg,noodles,true
output/images/25621958374139338_3.jpg,other,true
output/images/25621814000820442_0.jpg,storefront,true
output/images/25621814000820442_1.jpg,storefront,true
output/images/25621814000820442_2.jpg,storefront,true
output/images/25621814000820442_3.jpg,storefront,true
output/images/25621814000820442_4.jpg,storefront,true
output/images/25621344990867343_0.jpg,storefront,true
output/images/25620768297591679_0.jpg,noodles,true
output/images/25620768297591679_1.jpg,storefront,true
output/images/25620157537652755_0.jpg,noodles,true
output/images/25620157537652755_1.jpg,noodles,true
output/images/25620157537652755_2.jpg,noodles,true
output/images/25620157537652755_3.jpg,other,true
output/images/25620157537652755_4.jpg,other,true
output/images/25620146094320566_0.jpg,noodles,true
output/images/25620146094320566_1.jpg,noodles,true
output/images/25620146094320566_2.jpg,noodles,true
output/images/25620146094320566_3.jpg,noodles,true
output/images/25619662584368917_0.jpg,noodles,true
output/images/25619194151082427_0.jpg,noodles,true
output/images/25619194151082427_1.jpg,storefront,true
output/images/25619122587756250_0.jpg,noodles,true
output/images/25607955258872983_0.jpg,other,true
output/images/25607955258872983_1.jpg,storefront,true
output/images/25607955258872983_2.jpg,noodles,true
output/images/25607955258872983_3.jpg,storefront,true
output/images/25612657498402759_0.jpg,noodles,true
output/images/25612657498402759_1.jpg,noodles,true
output/images/25612657498402759_2.jpg,noodles,true
output/images/25612657498402759_3.jpg,noodles,true
output/images/25612657498402759_4.jpg,other,true
output/images/25612560775079098_0.jpg,noodles,true
output/images/25612401255095050_0.jpg,noodles,true
output/images/25612401255095050_1.jpg,other,true
output/images/25612259398442569_0.jpg,noodles,true
output/images/25612259398442569_1.jpg,storefront,true
output/images/25611877495147426_0.jpg,storefront,true
output/images/25610636511938191_0.jpg,noodles,true
output/images/25610636511938191_1.jpg,storefront,true
output/images/25610387071963135_0.jpg,storefront,true
output/images/25610387071963135_1.jpg,noodles,true
output/images/25610387071963135_2.jpg,noodles,true
output/images/25610387071963135_3.jpg,noodles,true
output/images/25610387071963135_4.jpg,other,true
output/images/25610252388643270_0.jpg,storefront,true
output/images/25610252388643270_1.jpg,noodles,true
output/images/25610252388643270_2.jpg,noodles,true
output/images/25610252388643270_3.jpg,noodles,true
output/images/25608791398789369_0.jpg,noodles,true
output/images/25604648269203682_0.jpg,noodles,true
output/images/25604648269203682_1.jpg,storefront,true
output/images/25602624562739386_0.jpg,noodles,true
output/images/25602624562739386_1.jpg,storefront,false
output/images/25600436296291546_0.jpg,noodles,false
output/images/25599804716354704_0.jpg,other,false
output/images/25595624116772764_0.jpg,storefront,false
output/images/25595624116772764_1.jpg,noodles,false
output/images/25595624116772764_2.jpg,storefront,false
output/images/25595502556784920_0.jpg,storefront,false
output/images/25595502556784920_1.jpg,noodles,false
output/images/25595281816806994_0.jpg,noodles,false
output/images/25595281816806994_1.jpg,noodles,false
output/images/25594544023547440_0.jpg,noodles,false
output/images/25594544023547440_1.jpg,storefront,false
output/images/25594238550244654_0.jpg,noodles,false
output/images/25594238550244654_1.jpg,noodles,false
output/images/25594238550244654_2.jpg,storefront,false
output/images/25592096143792228_0.jpg,noodles,false
output/images/25591704150498094_0.jpg,noodles,false
output/images/25591704150498094_1.jpg,storefront,false
output/images/25591609533840889_0.jpg,noodles,false
output/images/25591081563893686_0.jpg,noodles,true
output/images/25590954940573015_0.jpg,storefront,false
output/images/25590954940573015_1.jpg,noodles,false
output/images/25590778863923956_0.jpg,noodles,false
output/images/25590778863923956_1.jpg,noodles,false
output/images/25590608587274317_0.jpg,noodles,false
output/images/25590495547285621_0.jpg,noodles,false
output/images/25590495547285621_1.jpg,storefront,true
output/images/25590491523952690_0.jpg,noodles,false
output/images/25590491523952690_1.jpg,noodles,false
output/images/25590491523952690_2.jpg,noodles,false
output/images/25590491523952690_3.jpg,noodles,false
output/images/25590491523952690_4.jpg,noodles,false
output/images/25585514274450415_0.jpg,noodles,false
output/images/25584816557853520_0.jpg,noodles,false
output/images/25584816557853520_1.jpg,noodles,false
output/images/25584816557853520_2.jpg,noodles,false
output/images/25584816557853520_3.jpg,noodles,false
output/images/25583269298008246_0.jpg,storefront,false
output/images/25583269298008246_1.jpg,noodles,false
output/images/25582695881398921_0.jpg,noodles,false
output/images/25582695881398921_1.jpg,noodles,false
output/images/25582585164743326_0.jpg,storefront,false
output/images/25582585164743326_1.jpg,noodles,false
output/images/25582585164743326_2.jpg,other,true
output/images/25582584204743422_0.jpg,noodles,false
output/images/25582584204743422_1.jpg,storefront,true
output/images/25582584204743422_2.jpg,other,false
output/images/25582584204743422_3.jpg,other,false
output/images/25582584204743422_4.jpg,storefront,false
output/images/25582497998085376_0.jpg,noodles,false
output/images/25582497998085376_1.jpg,storefront,false
output/images/25457819110553266_0.jpg,storefront,false
output/images/25457819110553266_1.jpg,storefront,false
output/images/25457819110553266_2.jpg,noodles,false
output/images/25457819110553266_3.jpg,noodles,false
output/images/25457819110553266_4.jpg,noodles,false
output/images/25572932845708558_0.jpg,storefront,false
output/images/25572932845708558_1.jpg,noodles,false
output/images/25572932845708558_2.jpg,noodles,false
output/images/25572932845708558_3.jpg,noodles,false
output/images/25572043822464127_0.jpg,noodles,false
output/images/25571449945856848_0.jpg,noodles,false
output/images/25571449945856848_1.jpg,other,false
output/images/25571449945856848_2.jpg,storefront,false
output/images/25570848032583706_0.jpg,storefront,false
output/images/25565323329802843_0.jpg,storefront,false
output/images/25565323329802843_1.jpg,noodles,true
output/images/25565323329802843_2.jpg,noodles,false
output/images/25565323329802843_3.jpg,noodles,false
output/images/25565323329802843_4.jpg,other,false
output/images/25565069103161599_0.jpg,noodles,false
output/images/25564594553209054_0.jpg,noodles,false
output/images/25564594553209054_1.jpg,other,true
output/images/25564594553209054_2.jpg,noodles,false
output/images/25563906886611154_0.jpg,noodles,false
output/images/25563906886611154_1.jpg,noodles,false
output/images/25563906886611154_2.jpg,storefront,false
output/images/25563906886611154_3.jpg,other,false
output/images/25563906886611154_4.jpg,storefront,true
output/images/25562672533401256_0.jpg,noodles,false
output/images/25561984723470037_0.jpg,noodles,false
output/images/25561984723470037_1.jpg,storefront,false
output/images/25561984723470037_2.jpg,storefront,true
output/images/25561984723470037_3.jpg,other,true
output/images/25561984723470037_4.jpg,other,false
output/images/25561695986832244_0.jpg,storefront,false
output/images/25561695986832244_1.jpg,storefront,false
output/images/25561695986832244_2.jpg,other,false
output/images/25561695986832244_3.jpg,noodles,false
output/images/25561695986832244_4.jpg,other,false
output/images/25561509343517575_0.jpg,noodles,false
output/images/25561509343517575_1.jpg,noodles,false
output/images/25561509343517575_2.jpg,other,true
output/images/25561509343517575_3.jpg,storefront,false
output/images/25561509343517575_4.jpg,noodles,false
output/images/25556955050639671_0.jpg,other,false
output/images/25556718100663366_0.jpg,noodles,false
output/images/25554779687523874_0.jpg,noodles,true
output/images/25554431414225368_0.jpg,noodles,false
output/images/25553174797684363_0.jpg,storefront,false
output/images/25553174797684363_1.jpg,noodles,false
output/images/25553174797684363_2.jpg,noodles,false
output/images/25553174797684363_3.jpg,other,false
output/images/25552313327770510_0.jpg,noodles,false
output/images/25552313327770510_1.jpg,noodles,false
output/images/25552313327770510_2.jpg,other,true
output/images/25547529798248863_0.jpg,noodles,false
output/images/25546537251681451_0.jpg,noodles,false
output/images/25546537251681451_1.jpg,storefront,false
output/images/25546537251681451_2.jpg,noodles,false
output/images/25546537251681451_3.jpg,other,false
output/images/25545699381765238_0.jpg,noodles,false
output/images/25545665018435341_0.jpg,storefront,false
output/images/25545665018435341_1.jpg,other,false
output/images/25545665018435341_2.jpg,other,false
output/images/25545029671832209_0.jpg,storefront,false
output/images/25545029671832209_1.jpg,noodles,false
output/images/25545029671832209_2.jpg,noodles,false
output/images/25545029671832209_3.jpg,noodles,false
output/images/25545029671832209_4.jpg,noodles,false
output/images/25544854828516360_0.jpg,storefront,false
output/images/25544854828516360_1.jpg,noodles,true
output/images/25544854828516360_2.jpg,storefront,false
output/images/25544344288567414_0.jpg,noodles,false
output/images/25544344288567414_1.jpg,storefront,false
output/images/25543616448640198_0.jpg,noodles,false
output/images/25543616448640198_1.jpg,noodles,false
output/images/25543616448640198_2.jpg,storefront,false
output/images/25543616448640198_3.jpg,storefront,true
output/images/25543616448640198_4.jpg,storefront,false
output/images/25539507205717789_0.jpg,other,true
output/images/25539507205717789_1.jpg,noodles,false
output/images/25702333962768445_0.jpg,noodles,false
output/images/25702333962768445_1.jpg,noodles,false
output/images/25702333962768445_2.jpg,noodles,false
output/images/25667328066269035_0.jpg,other,true
output/images/25667328066269035_1.jpg,noodles,false
output/images/25667328066269035_2.jpg,other,true
output/images/25639669085701600_0.jpg,noodles,false
output/images/25637535242581651_0.jpg,noodles,false
output/images/25619192807749228_0.jpg,noodles,false
output/images/25619192807749228_1.jpg,other,false
output/images/25619192807749228_2.jpg,storefront,false
output/images/25619192807749228_3.jpg,other,false
output/images/25619192807749228_4.jpg,other,true
output/images/25603454319323077_0.jpg,other,false
output/images/25592853097049866_0.jpg,storefront,false
output/images/25575005612167948_0.jpg,storefront,false
output/images/25575005612167948_1.jpg,storefront,false
output/images/25575005612167948_2.jpg,noodles,false
output/images/25575005612167948_3.jpg,noodles,false
output/images/25575005612167948_4.jpg,noodles,false
output/images/25720880974247077_0.jpg,noodles,false
output/images/25720880974247077_1.jpg,noodles,false
output/images/25720880974247077_2.jpg,noodles,false
output/images/25720089170992924_0.jpg,noodles,false
output/images/25720089170992924_1.jpg,noodles,false
output/images/25720089170992924_2.jpg,noodles,false
output/images/25720089170992924_3.jpg,noodles,false
output/images/25719867491015092_0.jpg,noodles,false
output/images/25719013084433866_0.jpg,storefront,false
output/images/25719013084433866_1.jpg,noodles,false
output/images/25718879677780540_0.jpg,noodles,false
output/images/25718879677780540_1.jpg,storefront,false
output/images/25718716504463524_0.jpg,noodles,false
output/images/25711337155201459_0.jpg,noodles,false
output/images/25711045435230631_0.jpg,noodles,false
output/images/25711045435230631_1.jpg,noodles,false
output/images/25711045435230631_2.jpg,other,false
output/images/25710980221903819_0.jpg,noodles,true
output/images/25710980221903819_1.jpg,noodles,false
output/images/25710980221903819_2.jpg,noodles,true
output/images/25710980221903819_3.jpg,storefront,false
output/images/25710911295244045_0.jpg,storefront,false
output/images/25710911295244045_1.jpg,noodles,false
output/images/25710911295244045_2.jpg,noodles,false
output/images/25710911295244045_3.jpg,noodles,false
output/images/25710911295244045_4.jpg,noodles,false
output/images/25710765328591975_0.jpg,noodles,false
output/images/25721958787472629_0.jpg,storefront,false
output/images/25721958787472629_1.jpg,noodles,false
output/images/25554031297598713_0.jpg,noodles,false
output/images/25554031297598713_1.jpg,storefront,false
output/images/25537488689252974_0.jpg,other,false
output/images/25537488689252974_1.jpg,noodles,false
output/images/25537462385922271_0.jpg,noodles,true
output/images/25537407779261065_0.jpg,noodles,false
output/images/25537406029261240_0.jpg,noodles,false
output/images/25537406029261240_1.jpg,storefront,false
output/images/25537243715944138_0.jpg,storefront,false
output/images/25536833929318450_0.jpg,noodles,false
output/images/25532021893132987_0.jpg,storefront,false
output/images/25532021893132987_1.jpg,noodles,false
output/images/25532021893132987_2.jpg,noodles,false
output/images/25532021893132987_3.jpg,other,false
output/images/25530187743316402_0.jpg,noodles,false
output/images/25530187743316402_1.jpg,noodles,false
output/images/25529926480009195_0.jpg,other,false
output/images/25529066476761862_0.jpg,noodles,false
output/images/25529066476761862_1.jpg,other,false
output/images/25529066476761862_2.jpg,storefront,false
output/images/25527996430202200_0.jpg,storefront,false
output/images/25526544213680755_0.jpg,storefront,false
output/images/25526544213680755_1.jpg,noodles,false
output/images/25526544213680755_2.jpg,other,false
output/images/25522214157447094_0.jpg,noodles,false
output/images/25522214157447094_1.jpg,noodles,false
output/images/25522214157447094_2.jpg,noodles,false
output/images/25522214157447094_3.jpg,other,true
output/images/25522083480793495_0.jpg,noodles,false
output/images/25522083480793495_1.jpg,other,false
output/images/25522083480793495_2.jpg,storefront,false
output/images/25520133737655136_0.jpg,noodles,false
output/images/25520133737655136_1.jpg,storefront,false
output/images/25519766331025210_0.jpg,storefront,false
output/images/25519766331025210_1.jpg,noodles,false
output/images/25519436384391538_0.jpg,storefront,false
output/images/25519436384391538_1.jpg,noodles,false
output/images/25519436384391538_2.jpg,noodles,false
output/images/25519436384391538_3.jpg,noodles,false
output/images/25518637474471429_0.jpg,noodles,false
output/images/25512923128376197_0.jpg,noodles,false
output/images/25512923128376197_1.jpg,noodles,false
output/images/25512923128376197_2.jpg,storefront,false
output/images/25512923128376197_3.jpg,other,false
output/images/25512923128376197_4.jpg,other,false
output/images/25512867791715064_0.jpg,noodles,false
output/images/25512867791715064_1.jpg,noodles,false
output/images/25512572821744561_0.jpg,noodles,false
output/images/25512572821744561_1.jpg,storefront,false
output/images/25511277105207466_0.jpg,storefront,false
output/images/25510745415260635_0.jpg,storefront,false
output/images/25510745415260635_1.jpg,noodles,false
output/images/25510456218622888_0.jpg,storefront,false
output/images/25510456218622888_1.jpg,noodles,false
output/images/25510456218622888_2.jpg,noodles,false
output/images/25510456218622888_3.jpg,noodles,false
output/images/25510456218622888_4.jpg,noodles,false
output/images/25510014722000371_0.jpg,noodles,false
output/images/25509682405366936_0.jpg,noodles,false
output/images/25504644305870746_0.jpg,storefront,false
output/images/25504644305870746_1.jpg,storefront,false
output/images/25504644305870746_2.jpg,other,false
output/images/25504644305870746_3.jpg,noodles,false
output/images/25503901059278404_0.jpg,noodles,false
output/images/25503890979279412_0.jpg,noodles,false
output/images/25503890979279412_1.jpg,storefront,true
output/images/25503890979279412_2.jpg,storefront,false
output/images/25501988289469681_0.jpg,other,false
output/images/25494448196890357_0.jpg,noodles,false
output/images/25494448196890357_1.jpg,noodles,false
output/images/25494448196890357_2.jpg,noodles,false
output/images/25494448196890357_3.jpg,noodles,false
output/images/25493409210327589_0.jpg,noodles,false
output/images/25491731150495395_0.jpg,storefront,false
output/images/25491731150495395_1.jpg,noodles,false
output/images/25491711063830737_0.jpg,storefront,false
output/images/25491711063830737_1.jpg,noodles,false
output/images/25491125637222613_0.jpg,noodles,false
output/images/25485957141072796_0.jpg,other,true
output/images/25485957141072796_1.jpg,other,false
output/images/25484414344560409_0.jpg,noodles,false
output/images/25484414344560409_1.jpg,noodles,false
output/images/25484414344560409_2.jpg,noodles,false
output/images/25484414344560409_3.jpg,other,false
output/images/25484414344560409_4.jpg,storefront,false
output/images/25484297384572105_0.jpg,noodles,false
output/images/25482961618039015_0.jpg,noodles,false
output/images/25482961618039015_1.jpg,storefront,true
output/images/25482961618039015_2.jpg,other,true
output/images/25482878651380645_0.jpg,noodles,false
output/images/25482878651380645_1.jpg,noodles,false
output/images/25482878651380645_2.jpg,other,false
output/images/25482513641417146_0.jpg,storefront,false
output/images/25482513641417146_1.jpg,noodles,false
output/images/25482513641417146_2.jpg,noodles,false
output/images/25482513641417146_3.jpg,other,false
output/images/25482198568115320_0.jpg,noodles,false
output/images/25482198568115320_1.jpg,noodles,false
output/images/25482198568115320_2.jpg,noodles,true
output/images/25482198568115320_3.jpg,noodles,false
output/images/25482198568115320_4.jpg,noodles,false
output/images/25481829154818928_0.jpg,noodles,false
output/images/25476636135338230_0.jpg,noodles,true
output/images/25475743618760815_0.jpg,other,false
output/images/25475489942119516_0.jpg,noodles,false
output/images/25475489942119516_1.jpg,storefront,false
output/images/25475390135462830_0.jpg,noodles,false
output/images/25475390135462830_1.jpg,storefront,false
output/images/25475069822161528_0.jpg,other,false
output/images/25475069822161528_1.jpg,storefront,false
output/images/25475069822161528_2.jpg,storefront,false
output/images/25475069822161528_3.jpg,storefront,false
output/images/25475069822161528_4.jpg,noodles,false
output/images/25474439452224565_0.jpg,noodles,true
output/images/25474439452224565_1.jpg,other,false
output/images/25473642618970915_0.jpg,storefront,false
output/images/25473642618970915_1.jpg,noodles,false
output/images/25473642618970915_2.jpg,other,false
output/images/25033380302997151_0.jpg,storefront,false
output/images/25033380302997151_1.jpg,noodles,false
output/images/25033380302997151_2.jpg,noodles,false
output/images/25473304715671372_0.jpg,noodles,false
output/images/25473272625674581_0.jpg,noodles,false
output/images/25473178752350635_0.jpg,noodles,false
output/images/25472800122388498_0.jpg,noodles,false
output/images/25472800122388498_1.jpg,noodles,false
output/images/25472800122388498_2.jpg,noodles,false
output/images/25472800122388498_3.jpg,noodles,false
output/images/25467177666284077_0.jpg,noodles,true
output/images/25467177666284077_1.jpg,noodles,true
output/images/25467177666284077_2.jpg,other,false
output/images/25466785222989988_0.jpg,noodles,false
output/images/25465913659743811_0.jpg,noodles,false
output/images/25465515493116961_0.jpg,noodles,false
output/images/25465515493116961_1.jpg,storefront,false
output/images/25465515493116961_2.jpg,storefront,false
output/images/25465053313163179_0.jpg,noodles,false
output/images/25464993906502453_0.jpg,noodles,false
output/images/25464771856524658_0.jpg,noodles,false
output/images/25438234302511747_0.jpg,other,false
output/images/25464217359913441_0.jpg,storefront,false
output/images/25464217359913441_1.jpg,noodles,false
output/images/25463888843279626_0.jpg,noodles,false
output/images/25463888843279626_1.jpg,noodles,false
output/images/25463888843279626_2.jpg,noodles,false
output/images/25463888843279626_3.jpg,noodles,false
output/images/25463398576661986_0.jpg,noodles,false
output/images/25463340116667832_0.jpg,noodles,false
output/images/25738392709162570_0.jpg,noodles,false
output/images/25738392709162570_1.jpg,noodles,false
output/images/25738392709162570_2.jpg,storefront,false
output/images/25738392709162570_3.jpg,other,false
output/images/25738055209196320_0.jpg,noodles,false
output/images/25738055209196320_1.jpg,other,true
output/images/25736042676064240_0.jpg,noodles,false
output/images/25736042676064240_1.jpg,noodles,false
output/images/25736042676064240_2.jpg,noodles,false
output/images/25736042676064240_3.jpg,storefront,false
output/images/25732609133074261_0.jpg,noodles,false
output/images/25730908869910954_0.jpg,noodles,false
output/images/25730908869910954_1.jpg,noodles,false
output/images/25730908869910954_2.jpg,storefront,false
output/images/25755838824084625_0.jpg,noodles,false
output/images/25755838824084625_1.jpg,noodles,false
output/images/25755838824084625_2.jpg,other,false
output/images/25755838824084625_3.jpg,noodles,true
output/images/25755838824084625_4.jpg,other,false
output/images/25750865497915291_0.jpg,noodles,true
output/images/25750865497915291_1.jpg,other,false
output/images/25750865497915291_2.jpg,storefront,false
output/images/25750865497915291_3.jpg,other,false
output/images/25749092748092566_0.jpg,noodles,false
output/images/25740634985605009_0.jpg,noodles,false
output/images/25740634985605009_1.jpg,noodles,false
output/images/25740634985605009_2.jpg,noodles,false
output/images/25740634985605009_3.jpg,noodles,false
output/images/25739677719034069_0.jpg,noodles,false
output/images/25739355502399624_0.jpg,storefront,true
output/images/25739355502399624_1.jpg,noodles,false
output/images/25738797979122043_0.jpg,noodles,true
output/images/25738797979122043_1.jpg,storefront,false
output/images/25737762565892251_0.jpg,noodles,false
output/images/25737762565892251_1.jpg,noodles,false
output/images/25737762565892251_2.jpg,storefront,false
output/images/25765252326476608_0.jpg,storefront,false
output/images/25765252326476608_1.jpg,noodles,false
output/images/25765252326476608_2.jpg,noodles,false
output/images/25765252326476608_3.jpg,noodles,false
output/images/25765252326476608_4.jpg,other,false
output/images/25764898736511967_0.jpg,other,false
output/images/25764468109888363_0.jpg,noodles,false
output/images/25764468109888363_1.jpg,noodles,false
output/images/25764468109888363_2.jpg,noodles,true
output/images/25764468109888363_3.jpg,noodles,false
output/images/25764468109888363_4.jpg,noodles,false
output/images/25763656643302843_0.jpg,storefront,false
output/images/25763656643302843_1.jpg,noodles,false
output/images/25758447693823738_0.jpg,noodles,false
output/images/25730468989954942_0.jpg,noodles,false
output/images/25774390882229419_0.jpg,noodles,false
output/images/25774390882229419_1.jpg,noodles,false
output/images/25766461159689058_0.jpg,noodles,false
output/images/25765686323099875_0.jpg,noodles,true
output/images/25765686323099875_1.jpg,noodles,false
output/images/25765686323099875_2.jpg,other,false
output/images/25765686323099875_3.jpg,storefront,false
output/images/25765648189770355_0.jpg,storefront,false
output/images/25765648189770355_1.jpg,noodles,false
output/images/25787942120874295_0.jpg,storefront,false
output/images/25786815587653615_0.jpg,other,true
output/images/25786183631050144_0.jpg,noodles,false
output/images/25786183631050144_1.jpg,noodles,false
output/images/25785424197792754_0.jpg,storefront,false
output/images/25785424197792754_1.jpg,storefront,false
output/images/25785424197792754_2.jpg,noodles,false
output/images/25785424197792754_3.jpg,other,true
output/images/25785424197792754_4.jpg,other,false
output/images/25784329764568864_0.jpg,other,false
output/images/25783907111277796_0.jpg,noodles,false
output/images/25783907111277796_1.jpg,storefront,false
output/images/25783907111277796_2.jpg,noodles,false
output/images/25783735981294909_0.jpg,noodles,false
output/images/25783735981294909_1.jpg,other,false
output/images/25783735981294909_2.jpg,storefront,false
output/images/25783735981294909_3.jpg,storefront,false
output/images/25783735981294909_4.jpg,other,false
output/images/25782525474749293_0.jpg,noodles,false
output/images/25782525474749293_1.jpg,storefront,false
output/images/25782525474749293_2.jpg,other,true
output/images/25777835555218285_0.jpg,other,false
output/images/25777835555218285_1.jpg,noodles,false
output/images/25776833085318532_0.jpg,storefront,false
output/images/25776189652049542_0.jpg,storefront,false
output/images/25776189652049542_1.jpg,noodles,false
output/images/25775542992114208_0.jpg,noodles,false
output/images/25775477225454118_0.jpg,noodles,false
output/images/25775477225454118_1.jpg,storefront,false
output/images/25775376265464214_0.jpg,noodles,false
output/images/25775278112140696_0.jpg,noodles,false
output/images/25792671500401357_0.jpg,noodles,true
output/images/25792419110426596_0.jpg,noodles,false
output/images/25801782829490224_0.jpg,storefront,false
output/images/25795889260079581_0.jpg,noodles,false
output/images/25795889260079581_1.jpg,noodles,false
output/images/25795710303430810_0.jpg,noodles,false
output/images/25795710303430810_1.jpg,other,false
output/images/25795334676801706_0.jpg,noodles,false
output/images/25795334676801706_1.jpg,noodles,true
output/images/25795334676801706_2.jpg,noodles,false
output/images/25795334676801706_3.jpg,storefront,false
output/images/25795334676801706_4.jpg,storefront,false
output/images/25795068233495017_0.jpg,other,true
output/images/25795068233495017_1.jpg,noodles,false
output/images/25795068233495017_2.jpg,storefront,false
output/images/25795058326829341_0.jpg,noodles,false
output/images/25795058326829341_1.jpg,storefront,true
output/images/25794004416934732_0.jpg,noodles,false
output/images/25794004416934732_1.jpg,noodles,false
output/images/25794004416934732_2.jpg,noodles,false
output/images/25794004416934732_3.jpg,noodles,false
output/images/25793823533619487_0.jpg,noodles,false
output/images/25793823533619487_1.jpg,other,false
output/images/25793823533619487_2.jpg,storefront,false
output/images/25792909333710907_0.jpg,storefront,false
output/images/25792909333710907_1.jpg,noodles,false
output/images/25786510621017445_0.jpg,noodles,false
output/images/25803244942677346_0.jpg,other,false
output/images/25803236569344850_0.jpg,noodles,false
output/images/25803236569344850_1.jpg,storefront,false
output/images/25803236569344850_2.jpg,other,false
output/images/25803236569344850_3.jpg,storefront,false
output/images/25802736942728146_0.jpg,noodles,false
output/images/25802054289463078_0.jpg,noodles,false
output/images/25849032208098619_0.jpg,noodles,true
output/images/25848990711436102_0.jpg,noodles,false
output/images/25843617758640064_0.jpg,noodles,false
output/images/25843617758640064_1.jpg,noodles,false
output/images/25843617758640064_2.jpg,noodles,false
output/images/25843617758640064_3.jpg,noodles,false
output/images/25843617758640064_4.jpg,storefront,true
output/images/25843301368671703_0.jpg,noodles,false
output/images/25843301368671703_1.jpg,storefront,false
output/images/25841397518862088_0.jpg,noodles,false
output/images/25841397518862088_1.jpg,noodles,false
output/images/25841397518862088_2.jpg,noodles,false
output/images/25841397518862088_3.jpg,noodles,false
output/images/25840198085648698_0.jpg,storefront,false
output/images/25843149498686890_0.jpg,noodles,true
output/images/25843149498686890_1.jpg,storefront,false
output/images/25842202535448253_0.jpg,other,false
output/images/25839670259034814_0.jpg,noodles,false
output/images/25839670259034814_1.jpg,other,false
output/images/25839670259034814_2.jpg,storefront,false
output/images/25839605885707918_0.jpg,noodles,false
output/images/25833111936357313_0.jpg,noodles,false
output/images/25833111936357313_1.jpg,other,false
output/images/25831052509896589_0.jpg,noodles,false
output/images/25830185826649924_0.jpg,storefront,false
output/images/25830185826649924_1.jpg,noodles,false
output/images/25830185826649924_2.jpg,other,true
output/images/25829658190036021_0.jpg,storefront,false
output/images/25829658190036021_1.jpg,noodles,false
output/images/25829658190036021_2.jpg,noodles,false
output/images/25829658190036021_3.jpg,noodles,false
output/images/25823232374011936_0.jpg,storefront,false
output/images/25823232374011936_1.jpg,noodles,false
output/images/25823192174015956_0.jpg,storefront,false
output/images/25823192174015956_1.jpg,noodles,false
output/images/25823192174015956_2.jpg,noodles,false
output/images/25823192174015956_3.jpg,noodles,false
output/images/25823027057365801_0.jpg,noodles,false
output/images/25823027057365801_1.jpg,storefront,false
output/images/25822967230705117_0.jpg,noodles,false
output/images/25822967230705117_1.jpg,noodles,false
output/images/25822967230705117_2.jpg,storefront,false
output/images/25822967230705117_3.jpg,other,false
output/images/25822457224089451_0.jpg,noodles,false
output/images/25822310360770804_0.jpg,noodles,false
output/images/25822310360770804_1.jpg,noodles,false
output/images/25822310360770804_2.jpg,noodles,false
output/images/25821642274170946_0.jpg,noodles,false
output/images/25821642274170946_1.jpg,noodles,true
output/images/25821642274170946_2.jpg,storefront,false
output/images/25820577647610742_0.jpg,noodles,false
output/images/25819755067693000_0.jpg,noodles,false
output/images/25819755067693000_1.jpg,storefront,false
output/images/25819616414373532_0.jpg,storefront,false
output/images/25819616414373532_1.jpg,noodles,false
output/images/25819616414373532_2.jpg,noodles,false
output/images/25819616414373532_3.jpg,noodles,false
output/images/25819616414373532_4.jpg,noodles,false
output/images/25815680211433819_0.jpg,noodles,false
output/images/25815680211433819_1.jpg,noodles,false
output/images/25815680211433819_2.jpg,noodles,false
output/images/25815680211433819_3.jpg,noodles,false
output/images/25813906844944489_0.jpg,noodles,true
output/images/25813906844944489_1.jpg,noodles,false
output/images/25813906844944489_2.jpg,noodles,false
output/images/25813906844944489_3.jpg,noodles,false
output/images/25813655808302926_0.jpg,noodles,false
output/images/25813655808302926_1.jpg,storefront,false
output/images/25813592761642564_0.jpg,storefront,true
output/images/25813592761642564_1.jpg,noodles,false
output/images/25812850611716779_0.jpg,noodles,false
output/images/25812110665124107_0.jpg,noodles,false
output/images/25811980905137083_0.jpg,storefront,false
output/images/25811980905137083_1.jpg,noodles,false
output/images/25811980905137083_2.jpg,noodles,false
output/images/25811980905137083_3.jpg,noodles,false
output/images/25811980905137083_4.jpg,noodles,false
output/images/25811540338514473_0.jpg,storefront,false
output/images/25811540338514473_1.jpg,noodles,false
output/images/25810839771917863_0.jpg,noodles,false
output/images/25805708582430982_0.jpg,noodles,false
output/images/25805708582430982_1.jpg,other,false
output/images/25805639305771243_0.jpg,noodles,false
output/images/25805639305771243_1.jpg,noodles,false
output/images/25805639305771243_2.jpg,storefront,false
output/images/25803977042604136_0.jpg,noodles,false
output/images/25796458296689344_0.jpg,noodles,false
output/images/25796458296689344_1.jpg,storefront,false
output/images/25796458296689344_2.jpg,other,false
output/images/25796458296689344_3.jpg,storefront,false
output/images/25765454673123040_0.jpg,storefront,false
output/images/25765454673123040_1.jpg,noodles,false
output/images/25765172609817913_0.jpg,noodles,false
output/images/25765172609817913_1.jpg,storefront,false
output/images/25757797750555399_0.jpg,noodles,false
output/images/25747094768292364_0.jpg,noodles,false
output/images/25878568958478277_0.jpg,other,false
output/images/25878568958478277_1.jpg,other,false
output/images/25878568958478277_2.jpg,other,false
output/images/25878238175178022_0.jpg,noodles,false
output/images/25874886852179821_0.jpg,other,false
output/images/25874886852179821_1.jpg,storefront,false
output/images/25874886852179821_2.jpg,noodles,false
output/images/25874886852179821_3.jpg,storefront,true
output/images/25874886852179821_4.jpg,noodles,false
output/images/25874673102201196_0.jpg,storefront,false
output/images/25874673102201196_1.jpg,storefront,false
output/images/25874673102201196_2.jpg,other,true
output/images/25874673102201196_3.jpg,noodles,false
output/images/25874673102201196_4.jpg,noodles,false
output/images/25869294582739048_0.jpg,noodles,false
output/images/25869142469420926_0.jpg,noodles,false
output/images/25869130869422086_0.jpg,noodles,false
output/images/25869130869422086_1.jpg,noodles,false
output/images/25869130869422086_2.jpg,noodles,true
output/images/25869130869422086_3.jpg,noodles,false
output/images/25867395626262277_0.jpg,noodles,false
output/images/25866580649677108_0.jpg,other,false
output/images/25866580649677108_1.jpg,noodles,false
output/images/25866565203011986_0.jpg,noodles,false
output/images/25866565203011986_1.jpg,noodles,false
output/images/25866565203011986_2.jpg,noodles,false
output/images/25866565203011986_3.jpg,noodles,false
output/images/25866324469702726_0.jpg,noodles,true
output/images/25881948001473706_0.jpg,other,false
output/images/25878796161788890_0.jpg,noodles,false
output/images/25878796161788890_1.jpg,storefront,false
output/images/25876812148653958_0.jpg,noodles,false
output/images/25868142012854305_0.jpg,noodles,false
output/images/25897316689936837_0.jpg,noodles,false
output/images/25897316689936837_1.jpg,noodles,true
output/images/25897316689936837_2.jpg,other,true
output/images/25897316689936837_3.jpg,storefront,false
output/images/25892960480372458_0.jpg,noodles,false
output/images/25892960480372458_1.jpg,noodles,true
output/images/25892960480372458_2.jpg,noodles,false
output/images/25892960480372458_3.jpg,noodles,true
output/images/25888132684188571_0.jpg,storefront,false
output/images/25887269840941522_0.jpg,noodles,false
output/images/25887269840941522_1.jpg,noodles,false
output/images/25887269840941522_2.jpg,storefront,false
output/images/25887269840941522_3.jpg,storefront,false
output/images/25887207270947779_0.jpg,noodles,false
output/images/25886198657715307_0.jpg,noodles,false
output/images/25886198657715307_1.jpg,noodles,false
output/images/25886198657715307_2.jpg,noodles,false
output/images/25886198657715307_3.jpg,other,false
output/images/25885254421143064_0.jpg,noodles,false
output/images/25884952614506578_0.jpg,noodles,false
output/images/25884850707850102_0.jpg,storefront,false
output/images/25884850707850102_1.jpg,noodles,false
output/images/25884850707850102_2.jpg,noodles,false
output/images/25884850707850102_3.jpg,noodles,false
output/images/25884850707850102_4.jpg,noodles,false
output/images/25884122071256299_0.jpg,noodles,false
output/images/25884122071256299_1.jpg,storefront,false
output/images/25878122095189630_0.jpg,noodles,false
output/images/25878122095189630_1.jpg,noodles,false
output/images/25878122095189630_2.jpg,noodles,false
output/images/25878122095189630_3.jpg,noodles,false
output/images/25877864155215424_0.jpg,noodles,false
output/images/25877864155215424_1.jpg,other,false
output/images/25875336975468142_0.jpg,storefront,false
output/images/25875336975468142_1.jpg,noodles,false
output/images/25875336975468142_2.jpg,noodles,false
output/images/25865832773085229_0.jpg,noodles,false
output/images/25865832773085229_1.jpg,storefront,false
output/images/25865580136443826_0.jpg,noodles,true
output/images/25865416846460155_0.jpg,noodles,false
output/images/25865416846460155_1.jpg,other,true
output/images/25860473263621180_0.jpg,noodles,true
output/images/25860473263621180_1.jpg,noodles,true
output/images/25860473263621180_2.jpg,noodles,false
output/images/25860473263621180_3.jpg,noodles,false
output/images/25858052157196624_0.jpg,noodles,false
output/images/25858052157196624_1.jpg,storefront,false
output/images/25857957043872802_0.jpg,noodles,false
output/images/25857957043872802_1.jpg,storefront,false
output/images/25857297810605392_0.jpg,noodles,false
output/images/25857297810605392_1.jpg,other,true
output/images/25857297810605392_2.jpg,storefront,false
output/images/25857140843954422_0.jpg,noodles,false
output/images/25857140843954422_1.jpg,noodles,true
output/images/25855787310756442_0.jpg,other,true
output/images/25855279797473860_0.jpg,storefront,false
output/images/25855279797473860_1.jpg,storefront,true
output/images/25850772547924585_0.jpg,noodles,false
output/images/25850663284602178_0.jpg,noodles,false
output/images/25850251157976724_0.jpg,noodles,false
output/images/25850251157976724_1.jpg,noodles,false
output/images/25850251157976724_2.jpg,noodles,false
output/images/25850251157976724_3.jpg,other,false
output/images/25849576041377569_0.jpg,noodles,false
output/images/25839998959001944_0.jpg,storefront,false
output/images/25839998959001944_1.jpg,noodles,false
output/images/25824372540564586_0.jpg,storefront,false
output/images/25824372540564586_1.jpg,noodles,false
output/images/25824372540564586_2.jpg,noodles,false
output/images/25822793784055795_0.jpg,noodles,true
output/images/25796802889988218_0.jpg,other,false
output/images/25924297710572068_0.jpg,noodles,false
output/images/25924297710572068_1.jpg,storefront,true
output/images/25923523563982816_0.jpg,noodles,false
output/images/25923523563982816_1.jpg,noodles,true
output/images/25923523563982816_2.jpg,noodles,false
output/images/25923523563982816_3.jpg,noodles,false
output/images/25923523563982816_4.jpg,storefront,false
output/images/25915035464831626_0.jpg,noodles,false
output/images/25914318161570023_0.jpg,noodles,false
output/images/25907498425585330_0.jpg,noodles,false
output/images/25905948779073628_0.jpg,noodles,false
output/images/25904942329174273_0.jpg,noodles,false
output/images/25898375063164333_0.jpg,storefront,false
output/images/25898375063164333_1.jpg,other,false
output/images/25898375063164333_2.jpg,other,false
output/images/25898375063164333_3.jpg,other,false
output/images/25898375063164333_4.jpg,storefront,false
output/images/25878696605132179_0.jpg,noodles,false
output/images/25950841391251033_0.jpg,noodles,false
output/images/25950841391251033_1.jpg,noodles,true
output/images/25950841391251033_2.jpg,storefront,false
output/images/25950841391251033_3.jpg,storefront,false
output/images/25950841391251033_4.jpg,other,true
output/images/25950792201255952_0.jpg,noodles,false
output/images/25950792201255952_1.jpg,noodles,false
output/images/25950792201255952_2.jpg,storefront,false
output/images/25950792201255952_3.jpg,other,true
output/images/25946198661715306_0.jpg,noodles,false
output/images/25941464358855403_0.jpg,storefront,false
output/images/25941464358855403_1.jpg,noodles,false
output/images/25940799688921870_0.jpg,storefront,false
output/images/25940799688921870_1.jpg,storefront,false
output/images/25940799688921870_2.jpg,noodles,false
output/images/25933887346279771_0.jpg,noodles,false
output/images/25933887346279771_1.jpg,noodles,false
output/images/25933887346279771_2.jpg,storefront,false
output/images/25932826049719234_0.jpg,noodles,false
output/images/25932826049719234_1.jpg,storefront,false
output/images/25932745356393970_0.jpg,noodles,false
output/images/25931407056527800_0.jpg,noodles,false
output/images/25931407056527800_1.jpg,noodles,false
output/images/25931407056527800_2.jpg,noodles,false
output/images/25929806760021163_0.jpg,storefront,false
output/images/25929806760021163_1.jpg,noodles,false
output/images/25929806760021163_2.jpg,noodles,false
output/images/25929758706692635_0.jpg,storefront,false
output/images/25929758706692635_1.jpg,noodles,false
output/images/25929758706692635_2.jpg,noodles,false
output/images/25929758706692635_3.jpg,noodles,false
output/images/25929758706692635_4.jpg,noodles,false
output/images/25929618646706641_0.jpg,noodles,false
output/images/25929618646706641_1.jpg,noodles,false
output/images/25929618646706641_2.jpg,noodles,false
output/images/25929618646706641_3.jpg,storefront,false
output/images/25928568516811654_0.jpg,noodles,false
output/images/25924460720555767_0.jpg,noodles,false
output/images/25924460720555767_1.jpg,noodles,true
output/images/25924460720555767_2.jpg,noodles,false
output/images/25922209460780893_0.jpg,noodles,false
output/images/25922184437450062_0.jpg,storefront,false
output/images/25922184437450062_1.jpg,noodles,true
output/images/25922184437450062_2.jpg,noodles,true
output/images/25922033914131781_0.jpg,noodles,false
output/images/25922033914131781_1.jpg,noodles,false
output/images/25920984264236746_0.jpg,storefront,false
output/images/25920984264236746_1.jpg,noodles,false
output/images/25920673254267847_0.jpg,storefront,false
output/images/25920673254267847_1.jpg,noodles,false
output/images/25913039298364576_0.jpg,storefront,false
output/images/25913039298364576_1.jpg,noodles,false
output/images/25913039298364576_2.jpg,noodles,false
output/images/25913039298364576_3.jpg,noodles,false
output/images/25913039298364576_4.jpg,noodles,false
output/images/25912405165094656_0.jpg,noodles,true
output/images/25905460102455829_0.jpg,storefront,false
output/images/25905460102455829_1.jpg,noodles,false
output/images/25905460102455829_2.jpg,other,false
output/images/25905460102455829_3.jpg,other,true
output/images/25896151046720068_0.jpg,noodles,false
output/images/25896151046720068_1.jpg,noodles,false
output/images/25893152270353279_0.jpg,other,false
output/images/25982158658119306_0.jpg,storefront,false
output/images/25982124058122766_0.jpg,storefront,false
output/images/25982124058122766_1.jpg,noodles,false
output/images/25981446298190542_0.jpg,storefront,false
output/images/25981446298190542_1.jpg,storefront,false
output/images/25981446298190542_2.jpg,noodles,false
output/images/25981446298190542_3.jpg,other,false
output/images/25867115349623638_0.jpg,other,false
output/images/25971384202530085_0.jpg,noodles,false
output/images/25970717529263419_0.jpg,noodles,false
output/images/25970684585933380_0.jpg,storefront,false
output/images/25970684585933380_1.jpg,noodles,false
output/images/25970427122625793_0.jpg,noodles,false
output/images/25970086799326492_0.jpg,noodles,true
output/images/25970086799326492_1.jpg,noodles,false
output/images/25969376582730847_0.jpg,noodles,false
output/images/25969376582730847_1.jpg,storefront,false
output/images/25963234273345078_0.jpg,noodles,false
output/images/25963234273345078_1.jpg,storefront,false
output/images/25963234273345078_2.jpg,other,true
output/images/25963153473353158_0.jpg,storefront,false
output/images/25963153473353158_1.jpg,noodles,false
output/images/25963153473353158_2.jpg,other,false
output/images/25962213956780443_0.jpg,storefront,false
output/images/25961923693476136_0.jpg,storefront,false
output/images/25961923693476136_1.jpg,noodles,false
output/images/25961923693476136_2.jpg,noodles,false
output/images/25961923693476136_3.jpg,noodles,false
output/images/25960886750246497_0.jpg,storefront,true
output/images/25960886750246497_1.jpg,storefront,true
output/images/25960886750246497_2.jpg,storefront,false
output/images/25960886750246497_3.jpg,noodles,false
output/images/25960886750246497_4.jpg,noodles,false
output/images/25960016623666843_0.jpg,noodles,false
output/images/25953800940955078_0.jpg,noodles,false
output/images/25953592430975929_0.jpg,storefront,false
output/images/25953592430975929_1.jpg,noodles,false
output/images/25953388740996298_0.jpg,noodles,false
output/images/25953388740996298_1.jpg,noodles,false
output/images/25953388740996298_2.jpg,noodles,false
output/images/25953388740996298_3.jpg,noodles,false
output/images/25950909991244173_0.jpg,noodles,false
output/images/25945075161827656_0.jpg,noodles,false
output/images/25945075161827656_1.jpg,other,false
output/images/25945075161827656_2.jpg,noodles,false
output/images/25945075161827656_3.jpg,noodles,true
output/images/25941599308841908_0.jpg,noodles,false
output/images/25834239399577900_0.jpg,noodles,false
output/images/25834239399577900_1.jpg,noodles,false
output/images/25834239399577900_2.jpg,noodles,false
output/images/25834239399577900_3.jpg,other,false
output/images/25834239399577900_4.jpg,other,false
output/images/26015268931474945_0.jpg,noodles,false
output/images/26014835851518253_0.jpg,noodles,false
output/images/26013722764962895_0.jpg,storefront,false
output/images/26013722764962895_1.jpg,other,false
output/images/26013592698309235_0.jpg,other,false
output/images/26013592698309235_1.jpg,noodles,false
output/images/26013592698309235_2.jpg,other,false
output/images/26013592698309235_3.jpg,noodles,false
output/images/26013202018348303_0.jpg,noodles,false
output/images/26013202018348303_1.jpg,noodles,false
output/images/26010749758593529_0.jpg,noodles,false
output/images/26010749758593529_1.jpg,storefront,false
output/images/26008522455482926_0.jpg,noodles,false
output/images/26005376512464187_0.jpg,other,false
output/images/26004936399174865_0.jpg,noodles,false
output/images/26088583187476852_0.jpg,noodles,false
output/images/26088190804182757_0.jpg,storefront,false
output/images/26088190804182757_1.jpg,other,false
output/images/26088190804182757_2.jpg,other,false
output/images/26088190804182757_3.jpg,storefront,false
output/images/26088190804182757_4.jpg,noodles,false
output/images/26079917025010135_0.jpg,noodles,false
output/images/26079917025010135_1.jpg,noodles,false
output/images/26079917025010135_2.jpg,noodles,false
output/images/26079917025010135_3.jpg,noodles,false
output/images/26077528048582366_0.jpg,storefront,false
output/images/26077528048582366_1.jpg,noodles,false
output/images/26077528048582366_2.jpg,noodles,false
output/images/26077528048582366_3.jpg,noodles,false
output/images/26077528048582366_4.jpg,storefront,false
output/images/26077152861953218_0.jpg,noodles,false
output/images/26076665682001936_0.jpg,other,false
output/images/26069323012736203_0.jpg,storefront,false
output/images/26069323012736203_1.jpg,other,false
output/images/26069323012736203_2.jpg,other,false
output/images/26069323012736203_3.jpg,noodles,false
output/images/26069323012736203_4.jpg,other,false
output/images/26067739566227881_0.jpg,noodles,false
output/images/26067243926277445_0.jpg,storefront,false
output/images/26067243926277445_1.jpg,storefront,false
output/images/26061442570190914_0.jpg,noodles,false
output/images/26061442570190914_1.jpg,storefront,false
output/images/26061442570190914_2.jpg,other,false
output/images/26061442570190914_3.jpg,other,false
output/images/26061442570190914_4.jpg,noodles,false
output/images/26060846960250475_0.jpg,noodles,false
output/images/26060846960250475_1.jpg,noodles,false
output/images/26060846960250475_2.jpg,noodles,false
output/images/26060846960250475_3.jpg,noodles,false
output/images/26059883583680146_0.jpg,noodles,false
output/images/26059050807096757_0.jpg,noodles,false
output/images/26059050807096757_1.jpg,noodles,false
output/images/26059050807096757_2.jpg,other,false
output/images/26058848107117027_0.jpg,noodles,false
output/images/26058248390510332_0.jpg,noodles,false
output/images/26058041937197644_0.jpg,noodles,false
output/images/26058041937197644_1.jpg,noodles,false
output/images/26058041937197644_2.jpg,storefront,false
output/images/26058041937197644_3.jpg,storefront,false
output/images/26057556497246188_0.jpg,noodles,false
output/images/26056187040716467_0.jpg,noodles,false
output/images/26056187040716467_1.jpg,noodles,false
output/images/26056187040716467_2.jpg,noodles,false
output/images/26056187040716467_3.jpg,noodles,false
output/images/26050956731239498_0.jpg,storefront,false
output/images/26050956731239498_1.jpg,noodles,false
output/images/26050956731239498_2.jpg,storefront,false
output/images/26050956731239498_3.jpg,storefront,false
output/images/26050956731239498_4.jpg,noodles,false
output/images/26047763671558804_0.jpg,storefront,false
output/images/26047763671558804_1.jpg,noodles,false
output/images/26046987431636428_0.jpg,noodles,false
output/images/26046987431636428_1.jpg,noodles,false
output/images/26046987431636428_2.jpg,noodles,false
output/images/26046987431636428_3.jpg,noodles,false
output/images/26045841211751050_0.jpg,storefront,false
output/images/26045841211751050_1.jpg,noodles,false
output/images/26045558211779350_0.jpg,other,false
output/images/26038916369110201_0.jpg,noodles,false
output/images/26037654339236404_0.jpg,noodles,false
output/images/26037654339236404_1.jpg,storefront,false
output/images/26035554506113054_0.jpg,noodles,false
output/images/26035554506113054_1.jpg,storefront,false
output/images/26034857982849373_0.jpg,noodles,false
output/images/_0.jpg,storefront,false
output/images/_1.jpg,noodles,false
output/images/26032762359725602_0.jpg,storefront,false
output/images/26032762359725602_1.jpg,other,false
output/images/26032762359725602_2.jpg,noodles,false
output/images/26032316559770182_0.jpg,storefront,false
output/images/26032316559770182_1.jpg,noodles,false
output/images/26030196636648841_0.jpg,noodles,false
output/images/26027047420297096_0.jpg,noodles,false
output/images/26027047420297096_1.jpg,storefront,false
output/images/26026709830330855_0.jpg,noodles,false
output/images/26026709830330855_1.jpg,other,false
output/images/26026709830330855_2.jpg,storefront,false
output/images/26025452777123227_0.jpg,noodles,false
output/images/26025452777123227_1.jpg,storefront,false
output/images/26024494567219048_0.jpg,storefront,false
output/images/26024494567219048_1.jpg,noodles,false
output/images/26024494567219048_2.jpg,other,false
output/images/26024461980555640_0.jpg,noodles,false
output/images/26020443147624190_0.jpg,storefront,false
output/images/26020443147624190_1.jpg,noodles,false
output/images/26020443147624190_2.jpg,noodles,false
output/images/26002580349410470_0.jpg,noodles,false
output/images/26002580349410470_1.jpg,noodles,false
output/images/26002543919414113_0.jpg,noodles,false
output/images/26002543919414113_1.jpg,noodles,false
output/images/26002543919414113_2.jpg,noodles,false
output/images/26002543919414113_3.jpg,noodles,false
output/images/25995316403470198_0.jpg,noodles,false
output/images/25995316403470198_1.jpg,storefront,false
output/images/25992983517036820_0.jpg,storefront,false
output/images/25992983517036820_1.jpg,noodles,false
output/images/25991824163819422_0.jpg,other,false
output/images/25985952761073229_0.jpg,noodles,false
output/images/25985661214435717_0.jpg,storefront,false
output/images/25985661214435717_1.jpg,other,false
output/images/25985661214435717_2.jpg,noodles,false
output/images/25985619971106508_0.jpg,noodles,false
output/images/25985358071132698_0.jpg,noodles,false
output/images/25985358071132698_1.jpg,storefront,false
output/images/25984785864523252_0.jpg,noodles,false
output/images/25983874111281094_0.jpg,other,false
output/images/25983649964636842_0.jpg,noodles,false
output/images/25983649964636842_1.jpg,other,false
output/images/25983217034680135_0.jpg,noodles,false
output/images/25983217034680135_1.jpg,other,false
output/images/25982860054715833_0.jpg,noodles,false
output/images/25982860054715833_1.jpg,other,false
output/images/25978564985145340_0.jpg,noodles,false
output/images/25973076079027564_0.jpg,noodles,false
output/images/25973076079027564_1.jpg,storefront,false
output/images/25973076079027564_2.jpg,storefront,false
output/images/25972376782430827_0.jpg,noodles,false
output/images/25972376782430827_1.jpg,noodles,false
output/images/25972376782430827_2.jpg,noodles,false
output/images/26095767436758427_0.jpg,noodles,false
output/images/26091510477184123_0.jpg,noodles,false
